﻿<?xml version="1.0" encoding="utf-8"?>
<deployment>
  <id>400ffc3a-92de-45e4-bada-36a3cd943560</id>
  <author>N/A</author>
  <deployer>Push-Deployer</deployer>
  <authorEmail>N/A</authorEmail>
  <message>Created via a push deployment</message>
  <progress></progress>
  <status>Failed</status>
  <statusText></statusText>
  <lastSuccessEndTime />
  <receivedTime>2026-01-12T20:48:42.6170059Z</receivedTime>
  <startTime>2026-01-12T20:48:44.03029Z</startTime>
  <endTime>2026-01-12T20:48:56.1918938Z</endTime>
  <complete>True</complete>
  <is_temp>False</is_temp>
  <is_readonly>True</is_readonly>
  <buildSummary />
</deployment>